Classification_v1,score,proportion
Animal_meat,61.04386507380573,6.71%
Dairy_related,284.7266040830284,31.30%
Environment,39.95735171634504,4.39%
Fruit/vegetable,165.59945704209724,18.20%
Fruit/vegetable  ,0.0,0.00%
Fruit/vegetable fermented,146.82692769574413,16.14%
Human,20.19848479788663,2.22%
Insect_NoBee,6.062388885444681,0.67%
Meat_fermented,89.41565477109197,9.83%
Unclassified,95.96567844167629,10.55%
