Classification_v1,score,proportion
Animal_meat,45.7828988053543,20.30%
Dairy_related,22.212713793711433,9.85%
Fruit/vegetable,3.0666566118906897,1.36%
Fruit/vegetable fermented,12.907861775450034,5.72%
Human,49.719347194797855,22.05%
Unclassified,91.7932576398643,40.71%
